{"cameraMode":{"drawMode":0,"name":"Shaded","section":"Shading Mode"},"sceneLighting":true,"audioPlay":false,"sceneViewState":{"m_AlwaysRefresh":false,"showFog":true,"showSkybox":true,"showFlares":true,"showImageEffects":true,"showParticleSystems":true,"showVisualEffectGraphs":true,"m_FxEnabled":true},"in2DMode":false,"pivot":{"x":-1.2604951858520508,"y":1.9932184219360352,"z":-2.5118446350097658},"rotation":{"x":0.01897476613521576,"y":0.7792178988456726,"z":-0.6260221004486084,"w":0.02361820638179779},"size":27.754684448242189,"orthographic":false}